customer_id,total_calls,total_complaints,avg_csat_score,avg_sentiment_score,first_contact_date,last_contact_date,total_network_issues,total_billing_issues,total_service_issues,escalation_count,unresolved_issues,is_at_risk,oem_brand
CUST_003792,1,1,4.2,0.27,2024-12-31,2025-01-09,0,0,0,2,1,TRUE,Porsche
CUST_009297,5,2,2.7,-0.1,2025-01-03,2025-02-12,2,0,0,1,2,TRUE,GM
CUST_009341,2,2,2.8,-0.63,2024-12-06,2025-01-07,1,0,0,1,0,TRUE,CNH
CUST_000519,4,2,3.3,0.7,2025-01-15,2025-01-21,0,0,2,2,0,FALSE,Lamborghini
CUST_001953,4,0,2.5,-0.25,2024-12-14,2025-01-13,0,0,0,0,1,TRUE,Porsche
CUST_000013,7,4,4.1,-0.67,2025-01-04,2025-02-03,0,2,1,0,2,TRUE,Skoda
CUST_006045,1,1,2.4,0.72,2024-12-31,2025-01-25,1,0,0,1,0,TRUE,Bentley
CUST_007661,2,2,4.2,0.38,2025-01-15,2025-02-14,2,0,0,1,1,TRUE,Audi
CUST_000409,3,2,2.7,-0.56,2025-01-06,2025-02-14,1,0,1,2,1,TRUE,Seat
CUST_002713,2,2,3.1,0.36,2024-12-25,2025-02-04,0,0,0,0,1,TRUE,CNH
CUST_009989,1,0,3.0,0.23,2024-12-03,2024-12-22,0,0,0,0,2,TRUE,Seat
CUST_006936,6,4,3.7,-0.27,2024-12-15,2025-01-14,4,0,0,2,1,TRUE,Cariad
CUST_009768,8,3,2.8,-0.78,2024-12-31,2025-01-15,1,0,1,1,1,TRUE,Porsche
CUST_002831,8,0,2.7,0.38,2024-12-30,2024-12-31,0,0,0,0,2,TRUE,Porsche
CUST_005313,6,4,3.2,-0.13,2024-12-22,2025-01-31,0,0,1,2,1,TRUE,Honda
CUST_006002,3,2,3.8,-0.14,2024-12-20,2025-02-01,1,0,1,2,1,TRUE,Cariad
CUST_008076,6,2,4.8,0.59,2025-01-04,2025-02-04,0,0,0,0,2,TRUE,CNH
CUST_006400,7,3,4.3,0.77,2024-12-12,2024-12-13,0,0,3,0,0,TRUE,Iveco
CUST_001378,4,2,3.2,-0.41,2024-12-16,2024-12-23,2,0,0,2,1,TRUE,Lamborghini
CUST_002301,6,4,4.4,0.08,2024-12-24,2025-02-01,3,0,1,2,0,TRUE,Porsche
CUST_002032,5,4,4.1,0.07,2024-12-19,2025-01-23,3,0,1,2,0,TRUE,Audi
CUST_008081,2,1,4.1,-0.28,2024-12-05,2024-12-08,1,0,0,1,2,TRUE,Skoda
CUST_001064,2,0,3.8,-0.63,2024-12-14,2024-12-31,0,0,0,0,1,TRUE,CNH
CUST_009280,6,4,3.8,0.34,2024-12-25,2025-01-01,2,2,0,2,1,TRUE,Cariad
CUST_007362,5,4,4.0,0.24,2025-01-13,2025-02-19,3,0,0,0,1,TRUE,Honda
CUST_005245,1,1,4.2,0.23,2025-01-06,2025-01-14,1,0,0,1,0,FALSE,Porsche
CUST_003058,7,1,4.3,0.07,2024-12-17,2025-01-28,1,0,0,0,2,TRUE,Porsche
CUST_004973,1,0,4.0,-0.7,2025-01-12,2025-02-13,0,0,0,1,0,TRUE,Cariad
CUST_007610,3,1,4.6,0.12,2024-12-12,2025-01-16,0,0,0,0,1,TRUE,Audi
CUST_009609,4,4,2.6,0.11,2024-12-08,2024-12-21,0,4,0,1,2,TRUE,GM
CUST_008814,7,2,3.0,-0.18,2024-12-11,2025-01-22,2,0,0,0,0,FALSE,GM
CUST_002115,5,2,3.8,-0.5,2024-12-03,2025-01-09,2,0,0,2,0,TRUE,Seat
CUST_004669,6,5,4.2,0.12,2024-12-18,2025-01-17,3,0,1,2,0,TRUE,Cariad
CUST_000288,5,3,2.8,-0.67,2024-12-09,2024-12-15,3,0,0,2,1,TRUE,Cariad
CUST_001725,3,2,3.8,-0.2,2024-12-19,2024-12-22,0,2,0,1,2,TRUE,Seat
CUST_001905,1,0,4.6,-0.75,2024-12-27,2025-02-05,0,0,0,0,1,TRUE,Seat
CUST_007309,8,2,2.4,0.64,2024-12-25,2025-01-14,1,1,0,0,1,TRUE,Lamborghini
CUST_004436,5,3,4.6,-0.13,2024-12-17,2025-01-12,3,0,0,2,2,TRUE,CNH
CUST_000407,2,1,4.1,0.77,2024-12-09,2025-01-09,0,0,1,0,2,TRUE,Volkswagen
CUST_009149,7,1,3.9,0.47,2024-12-09,2025-01-19,1,0,0,0,1,TRUE,GM
CUST_002936,5,1,3.2,-0.62,2024-12-28,2024-12-28,1,0,0,0,1,TRUE,Skoda
CUST_006630,4,0,4.2,0.56,2024-12-10,2025-01-08,0,0,0,2,2,TRUE,GM
CUST_000091,7,0,3.6,-0.17,2024-12-27,2025-01-15,0,0,0,1,2,TRUE,Lamborghini
CUST_005923,7,3,3.9,-0.3,2024-12-16,2025-01-29,3,0,0,1,2,TRUE,Porsche
CUST_004904,8,3,4.0,0.09,2024-12-24,2025-01-20,3,0,0,2,1,TRUE,GM
CUST_006299,1,1,4.2,0.76,2024-12-07,2024-12-27,0,0,0,0,0,FALSE,Seat
CUST_007489,2,0,2.7,0.48,2025-01-04,2025-02-01,0,0,0,2,0,TRUE,Skoda
CUST_005844,5,4,2.8,0.27,2024-12-31,2025-01-22,4,0,0,1,0,TRUE,Porsche
CUST_001608,8,5,2.5,0.67,2025-01-12,2025-02-20,4,1,0,1,1,TRUE,Seat
CUST_000729,7,2,3.1,0.03,2024-12-10,2024-12-22,0,2,0,1,0,FALSE,Seat
CUST_002678,6,4,4.7,-0.6,2024-12-22,2025-01-18,2,1,1,0,2,TRUE,Skoda
CUST_007738,5,0,3.5,-0.22,2024-12-02,2024-12-25,0,0,0,1,1,TRUE,Audi
CUST_006002,3,2,2.6,-0.48,2024-12-03,2024-12-17,2,0,0,1,2,TRUE,Volkswagen
CUST_002801,6,2,4.5,-0.24,2024-12-23,2024-12-25,0,1,0,0,2,TRUE,GM
CUST_004916,3,0,2.8,-0.71,2024-12-10,2025-01-06,0,0,0,0,0,TRUE,Iveco
CUST_005340,2,0,3.6,0.04,2024-12-09,2025-01-09,0,0,0,2,2,TRUE,Bentley
CUST_000661,7,0,4.4,0.74,2024-12-02,2024-12-13,0,0,0,1,2,TRUE,CNH
CUST_008102,5,3,2.2,-0.02,2025-01-03,2025-02-17,2,0,1,1,0,TRUE,GM
CUST_002074,7,0,3.7,0.72,2024-12-28,2025-01-22,0,0,0,0,0,FALSE,Bentley
CUST_002399,6,1,2.7,0.19,2025-01-04,2025-01-04,1,0,0,2,1,TRUE,Audi
CUST_003832,1,1,3.2,0.79,2024-12-01,2024-12-29,0,1,0,2,0,FALSE,Porsche
CUST_007791,6,2,3.2,0.42,2024-12-17,2025-01-29,0,0,1,1,1,TRUE,Honda
CUST_008067,6,0,3.7,-0.23,2025-01-12,2025-02-20,0,0,0,1,2,TRUE,CNH
CUST_009528,8,2,4.3,-0.17,2025-01-04,2025-01-07,0,0,1,1,0,FALSE,Porsche
CUST_008727,6,1,4.7,0.19,2024-12-06,2025-01-06,0,1,0,0,1,TRUE,Lamborghini
CUST_005159,6,1,3.8,-0.76,2025-01-01,2025-01-21,0,1,0,0,1,TRUE,GM
CUST_000003,8,3,4.2,0.54,2024-12-15,2025-01-06,3,0,0,2,2,TRUE,Bentley
CUST_008802,5,3,3.8,-0.22,2025-01-10,2025-02-17,2,1,0,0,0,TRUE,Skoda
CUST_009824,3,1,3.5,-0.74,2025-01-09,2025-01-27,0,0,0,0,2,TRUE,Skoda
CUST_004490,8,0,2.7,0.47,2024-12-24,2025-01-07,0,0,0,1,1,TRUE,Iveco
CUST_005956,2,2,4.7,0.09,2025-01-01,2025-01-29,0,0,1,2,0,FALSE,Iveco
CUST_005831,7,1,2.9,-0.49,2024-12-14,2025-01-25,1,0,0,1,0,TRUE,Porsche
CUST_001940,6,5,2.3,-0.68,2024-12-26,2025-01-27,1,4,0,1,0,TRUE,Porsche
CUST_009661,5,5,2.8,-0.2,2024-12-15,2025-01-12,5,0,0,2,0,TRUE,GM
CUST_003799,8,4,4.5,0.43,2025-01-15,2025-01-21,1,1,0,2,1,TRUE,Bentley
CUST_006823,3,1,3.6,0.63,2024-12-25,2025-01-29,1,0,0,2,2,TRUE,Bentley
CUST_009402,4,4,4.2,0.77,2024-12-22,2024-12-27,0,0,2,1,2,TRUE,Porsche
CUST_001794,1,0,4.0,-0.03,2024-12-26,2025-02-09,0,0,0,0,0,FALSE,Lamborghini
CUST_005043,4,0,4.2,-0.57,2024-12-22,2025-02-02,0,0,0,1,0,TRUE,Skoda
CUST_004595,4,0,4.4,0.22,2024-12-02,2025-01-11,0,0,0,2,0,FALSE,Iveco
CUST_002407,5,0,4.2,-0.49,2024-12-28,2025-02-03,0,0,0,0,0,TRUE,Skoda
CUST_002091,5,5,4.0,0.15,2024-12-09,2025-01-09,3,0,1,1,2,TRUE,Bentley
CUST_003066,3,1,3.5,0.25,2024-12-17,2025-01-17,0,1,0,2,2,TRUE,Iveco
CUST_000718,8,3,2.7,-0.01,2025-01-05,2025-02-16,1,0,2,1,2,TRUE,Lamborghini
CUST_002892,7,5,4.5,-0.23,2024-12-27,2025-02-05,4,0,0,2,1,TRUE,Volkswagen
CUST_000514,5,5,3.8,0.1,2024-12-09,2024-12-19,4,1,0,1,1,TRUE,Cariad
CUST_007697,1,0,4.4,-0.57,2024-12-26,2025-01-24,0,0,0,0,2,TRUE,Iveco
CUST_004878,1,1,3.9,0.02,2025-01-10,2025-01-22,1,0,0,0,2,TRUE,CNH
CUST_001984,1,1,2.6,-0.32,2024-12-30,2025-02-03,1,0,0,1,2,TRUE,Skoda
CUST_009458,7,0,3.4,-0.03,2025-01-04,2025-01-06,0,0,0,2,0,FALSE,Lamborghini
CUST_003643,5,1,2.7,0.06,2024-12-29,2024-12-30,0,0,0,2,1,TRUE,Cariad
CUST_008729,4,4,3.2,-0.1,2025-01-05,2025-01-24,0,4,0,1,0,TRUE,GM
CUST_009533,7,1,3.0,0.49,2024-12-03,2024-12-28,0,1,0,2,2,TRUE,Bentley
CUST_004861,6,2,3.5,-0.38,2024-12-24,2025-01-14,0,2,0,2,0,TRUE,GM
CUST_006875,1,0,2.5,0.41,2024-12-01,2024-12-27,0,0,0,1,0,TRUE,CNH
CUST_008984,7,4,3.9,0.25,2024-12-20,2025-01-02,2,0,0,2,0,TRUE,Honda
CUST_002462,4,3,3.9,0.02,2024-12-09,2024-12-18,2,0,1,2,1,TRUE,Volkswagen
CUST_000490,4,1,4.6,-0.12,2024-12-03,2024-12-30,1,0,0,0,1,TRUE,Seat
CUST_002512,2,0,2.6,0.62,2024-12-29,2025-02-01,0,0,0,2,0,TRUE,Porsche
CUST_003011,8,3,2.2,-0.37,2024-12-07,2024-12-27,3,0,0,0,0,TRUE,Volkswagen
CUST_005686,6,1,4.5,0.15,2024-12-29,2025-01-19,0,0,1,2,1,TRUE,Volkswagen
CUST_008612,1,1,4.4,-0.62,2024-12-20,2025-01-31,1,0,0,1,2,TRUE,Volkswagen
CUST_009593,5,0,2.3,-0.16,2025-01-09,2025-02-18,0,0,0,1,0,TRUE,Lamborghini
CUST_006012,2,2,2.5,0.26,2025-01-07,2025-02-06,2,0,0,0,1,TRUE,Iveco
CUST_009979,8,2,4.2,-0.0,2024-12-02,2024-12-18,0,0,0,0,1,TRUE,Lamborghini
CUST_001254,3,3,2.7,-0.12,2024-12-20,2025-01-29,1,0,1,2,1,TRUE,Lamborghini
CUST_008699,6,0,2.7,-0.14,2024-12-14,2024-12-31,0,0,0,1,1,TRUE,Audi
CUST_006300,5,1,4.1,0.06,2024-12-26,2025-02-01,0,1,0,0,0,FALSE,Bentley
CUST_003963,6,2,4.3,-0.6,2024-12-30,2025-01-29,1,1,0,0,1,TRUE,GM
CUST_001136,6,0,2.5,0.52,2024-12-21,2025-01-06,0,0,0,2,0,TRUE,Skoda
CUST_004963,6,2,2.6,0.24,2025-01-02,2025-01-17,2,0,0,1,0,TRUE,Seat
CUST_000623,3,1,3.4,-0.17,2025-01-01,2025-01-18,1,0,0,2,2,TRUE,Audi
CUST_008734,3,0,2.9,-0.39,2025-01-07,2025-02-14,0,0,0,2,2,TRUE,Honda
CUST_000472,2,2,4.2,0.17,2025-01-10,2025-02-14,0,0,0,0,2,TRUE,CNH
CUST_001686,4,2,4.1,0.49,2024-12-26,2025-02-03,2,0,0,1,1,TRUE,Lamborghini
CUST_006911,1,1,3.3,-0.5,2025-01-03,2025-02-08,1,0,0,0,1,TRUE,Seat
CUST_007772,3,3,2.5,0.45,2025-01-02,2025-01-04,2,0,1,2,2,TRUE,Seat
CUST_006715,1,1,2.8,0.25,2025-01-09,2025-01-19,0,0,1,1,2,TRUE,Porsche
CUST_002357,1,1,2.5,-0.22,2024-12-15,2025-01-22,0,0,0,2,1,TRUE,Skoda
CUST_004206,4,2,4.0,-0.53,2025-01-02,2025-02-05,1,1,0,2,1,TRUE,Honda
CUST_006796,5,0,3.5,-0.09,2024-12-24,2025-01-21,0,0,0,1,2,TRUE,Iveco
CUST_009248,6,5,3.5,-0.09,2024-12-06,2024-12-16,3,1,1,2,2,TRUE,GM
CUST_005950,2,1,2.5,-0.08,2024-12-29,2025-01-30,1,0,0,1,1,TRUE,GM
CUST_005550,2,1,4.4,-0.61,2024-12-17,2024-12-23,0,0,0,1,0,TRUE,Lamborghini
CUST_001863,2,1,2.3,0.39,2024-12-01,2024-12-13,1,0,0,0,1,TRUE,Audi
CUST_003540,8,4,2.6,-0.75,2024-12-16,2025-01-28,2,2,0,0,2,TRUE,Iveco
CUST_001942,5,2,3.3,-0.26,2024-12-30,2025-01-29,2,0,0,0,2,TRUE,Bentley
CUST_006374,5,4,2.7,0.19,2024-12-01,2024-12-17,4,0,0,0,1,TRUE,Honda
CUST_007737,5,3,3.4,-0.19,2024-12-30,2025-01-15,2,1,0,1,2,TRUE,Seat
CUST_001801,3,3,2.8,-0.18,2024-12-10,2025-01-01,1,0,0,2,1,TRUE,Iveco
CUST_003617,7,0,3.0,0.0,2024-12-30,2025-01-13,0,0,0,0,2,TRUE,Honda
CUST_004088,4,2,4.6,-0.48,2024-12-24,2025-01-09,2,0,0,2,0,TRUE,Cariad
CUST_004445,2,1,4.4,0.6,2024-12-27,2025-02-04,1,0,0,1,1,TRUE,Seat
CUST_003100,7,0,2.2,0.23,2025-01-02,2025-02-09,0,0,0,1,2,TRUE,Cariad
CUST_001661,8,4,4.1,0.45,2025-01-09,2025-02-14,0,3,1,1,0,TRUE,Porsche
CUST_007431,4,4,3.1,0.7,2024-12-14,2025-01-21,0,4,0,2,2,TRUE,Porsche
CUST_003129,6,3,4.5,-0.16,2024-12-20,2025-02-01,0,0,2,2,2,TRUE,Seat
CUST_008316,6,3,3.6,0.01,2025-01-03,2025-01-22,1,0,2,0,2,TRUE,CNH
CUST_003994,2,2,3.4,0.63,2024-12-25,2025-01-06,2,0,0,2,2,TRUE,Skoda
CUST_007765,4,4,3.7,-0.64,2025-01-03,2025-01-18,1,2,1,2,0,TRUE,Audi
CUST_004154,3,1,2.5,-0.37,2025-01-05,2025-01-27,1,0,0,0,2,TRUE,Seat
CUST_005461,3,3,4.7,0.45,2024-12-02,2024-12-10,1,0,1,2,1,TRUE,Volkswagen
CUST_004827,5,4,2.3,-0.22,2025-01-10,2025-02-06,0,1,1,0,0,TRUE,Cariad
CUST_009360,4,3,4.7,-0.05,2024-12-08,2024-12-26,2,0,0,1,2,TRUE,Volkswagen
CUST_007117,5,1,2.2,-0.14,2025-01-03,2025-01-31,1,0,0,2,1,TRUE,Seat
CUST_006756,1,0,4.0,0.08,2025-01-10,2025-02-22,0,0,0,0,1,TRUE,Cariad
CUST_001593,7,2,2.3,0.33,2025-01-09,2025-02-03,1,0,0,1,1,TRUE,Skoda
CUST_005278,6,4,4.5,-0.7,2024-12-19,2025-01-13,2,1,1,2,0,TRUE,Honda
CUST_008996,2,0,2.5,0.66,2024-12-29,2025-01-29,0,0,0,1,0,TRUE,Bentley
CUST_002684,4,0,3.0,0.71,2024-12-10,2024-12-22,0,0,0,2,2,TRUE,Audi
CUST_009329,7,1,2.6,0.34,2025-01-03,2025-01-31,0,0,0,1,0,TRUE,GM
CUST_003530,5,3,4.1,-0.65,2024-12-12,2025-01-20,3,0,0,0,2,TRUE,Seat
CUST_006558,8,1,4.1,0.02,2025-01-14,2025-02-07,1,0,0,0,2,TRUE,Lamborghini
CUST_003683,7,5,2.4,-0.35,2025-01-12,2025-02-01,5,0,0,2,0,TRUE,Bentley
CUST_003097,1,1,3.1,0.22,2024-12-12,2024-12-30,1,0,0,2,0,FALSE,CNH
CUST_002997,6,4,4.3,0.6,2024-12-27,2025-01-04,3,1,0,2,0,TRUE,Cariad
CUST_000477,1,1,4.1,0.11,2025-01-14,2025-02-07,1,0,0,0,0,FALSE,GM
CUST_005573,8,2,3.5,-0.03,2025-01-13,2025-02-23,2,0,0,0,0,FALSE,Bentley
CUST_006937,8,5,2.3,-0.23,2024-12-24,2025-01-29,2,1,0,1,2,TRUE,Audi
CUST_006430,2,2,3.3,0.58,2024-12-21,2024-12-31,2,0,0,2,1,TRUE,Seat
CUST_003268,5,2,3.4,-0.42,2024-12-22,2025-01-06,2,0,0,1,1,TRUE,Cariad
CUST_002095,1,1,2.9,-0.58,2024-12-27,2025-02-03,1,0,0,1,1,TRUE,Bentley
CUST_006607,2,0,4.5,-0.76,2025-01-12,2025-01-30,0,0,0,0,0,TRUE,CNH
CUST_009013,1,0,3.7,-0.66,2025-01-15,2025-02-02,0,0,0,2,2,TRUE,Audi
CUST_008076,2,2,3.7,0.38,2025-01-09,2025-02-05,2,0,0,2,0,FALSE,Porsche
CUST_001433,2,0,3.7,0.46,2024-12-23,2025-01-23,0,0,0,1,2,TRUE,Lamborghini
CUST_001248,7,4,2.3,-0.55,2024-12-06,2024-12-22,0,4,0,1,1,TRUE,Skoda
CUST_006860,2,0,3.6,-0.76,2025-01-11,2025-01-29,0,0,0,2,2,TRUE,Honda
CUST_002288,1,0,2.4,0.09,2025-01-11,2025-01-12,0,0,0,0,0,TRUE,Lamborghini
CUST_000412,7,2,3.5,0.78,2024-12-15,2025-01-04,1,0,1,2,2,TRUE,Skoda
CUST_009435,5,0,4.0,-0.37,2025-01-04,2025-01-16,0,0,0,1,2,TRUE,Seat
CUST_004077,6,3,4.5,0.21,2024-12-01,2025-01-13,1,0,0,0,2,TRUE,Lamborghini
CUST_003840,7,4,3.1,-0.33,2025-01-12,2025-01-17,0,0,3,0,1,TRUE,Cariad
CUST_007732,1,0,4.3,0.58,2025-01-15,2025-01-29,0,0,0,1,1,TRUE,Honda
CUST_005424,1,0,4.2,0.3,2024-12-23,2025-01-15,0,0,0,1,0,FALSE,Lamborghini
CUST_007576,8,5,4.0,0.41,2024-12-07,2025-01-20,4,1,0,2,0,TRUE,Volkswagen
CUST_001127,3,2,4.7,0.69,2024-12-25,2025-01-24,1,1,0,0,0,FALSE,Porsche
CUST_007505,4,0,2.6,0.51,2024-12-11,2024-12-13,0,0,0,2,2,TRUE,Seat
CUST_007246,4,2,2.9,0.12,2024-12-31,2025-02-09,2,0,0,1,1,TRUE,Volkswagen
CUST_001642,2,2,2.4,-0.69,2025-01-03,2025-01-30,1,0,0,0,2,TRUE,Lamborghini
CUST_004490,5,4,2.3,0.11,2024-12-29,2025-02-10,1,1,0,1,0,TRUE,Seat
CUST_007742,2,2,2.2,-0.01,2024-12-27,2025-01-26,2,0,0,2,0,TRUE,Skoda
CUST_008161,7,1,4.8,-0.28,2024-12-26,2025-02-03,1,0,0,2,1,TRUE,CNH
CUST_007924,8,4,3.5,0.02,2024-12-11,2024-12-15,0,4,0,2,2,TRUE,GM
CUST_006364,8,1,4.5,-0.26,2025-01-14,2025-02-12,0,0,1,2,1,TRUE,Iveco
CUST_002963,7,2,2.4,-0.6,2024-12-01,2024-12-30,1,0,1,2,0,TRUE,Bentley
CUST_002603,4,3,2.5,0.58,2024-12-24,2025-02-07,1,1,1,1,2,TRUE,Seat
CUST_008207,2,2,2.4,0.51,2024-12-07,2024-12-30,0,2,0,2,0,TRUE,Seat
CUST_008631,1,0,4.4,0.48,2025-01-15,2025-01-25,0,0,0,1,1,TRUE,Honda
CUST_001207,8,3,3.0,0.45,2024-12-14,2024-12-23,3,0,0,0,1,TRUE,Cariad
CUST_006574,2,2,3.2,-0.02,2024-12-03,2025-01-12,2,0,0,1,0,FALSE,Volkswagen
CUST_002964,4,2,3.3,0.02,2024-12-05,2025-01-09,0,1,0,1,0,FALSE,CNH
CUST_005944,4,1,3.7,0.59,2024-12-17,2025-01-31,1,0,0,1,1,TRUE,Skoda
CUST_006211,1,1,3.0,-0.32,2024-12-29,2024-12-29,0,1,0,1,2,TRUE,Porsche
CUST_009813,2,0,4.4,-0.18,2025-01-09,2025-01-21,0,0,0,2,0,FALSE,Audi
CUST_003285,3,0,4.1,-0.1,2024-12-04,2025-01-18,0,0,0,2,0,FALSE,Seat
CUST_001821,5,5,2.3,0.66,2024-12-02,2025-01-01,1,2,2,2,2,TRUE,Porsche
CUST_009855,2,2,2.4,0.66,2024-12-26,2025-02-03,2,0,0,2,1,TRUE,Skoda
CUST_006479,6,2,2.2,-0.12,2025-01-11,2025-02-15,1,1,0,0,2,TRUE,Iveco
CUST_000219,2,1,4.0,-0.15,2024-12-31,2025-01-15,0,1,0,2,0,FALSE,Volkswagen
CUST_001783,5,1,2.5,-0.46,2024-12-23,2025-01-08,1,0,0,1,1,TRUE,Iveco
CUST_004482,8,4,3.6,-0.65,2024-12-08,2024-12-10,4,0,0,2,0,TRUE,Skoda
CUST_009145,3,3,2.7,-0.49,2024-12-23,2025-01-17,3,0,0,1,1,TRUE,Cariad
CUST_006447,1,0,3.1,-0.75,2024-12-24,2025-01-13,0,0,0,0,1,TRUE,CNH
CUST_004286,7,3,4.4,-0.44,2024-12-27,2025-02-08,2,0,1,1,2,TRUE,Audi
CUST_006601,6,0,3.7,0.32,2024-12-23,2025-01-18,0,0,0,1,0,FALSE,Audi
CUST_002598,3,1,3.8,-0.79,2024-12-15,2025-01-28,1,0,0,1,2,TRUE,Audi
CUST_003350,7,1,3.9,-0.67,2025-01-14,2025-02-10,0,0,0,0,0,TRUE,Iveco
CUST_007255,4,4,3.8,0.12,2024-12-31,2025-01-31,1,3,0,2,2,TRUE,Honda
CUST_001456,2,1,2.7,-0.66,2025-01-07,2025-01-16,0,1,0,2,1,TRUE,Cariad
CUST_008185,3,2,4.4,0.62,2024-12-29,2025-01-20,2,0,0,0,1,TRUE,Cariad
CUST_003546,3,3,3.5,-0.28,2025-01-14,2025-02-26,1,1,0,2,2,TRUE,Bentley
CUST_000656,4,1,4.6,-0.73,2025-01-09,2025-01-20,1,0,0,0,1,TRUE,GM
CUST_003326,2,1,2.4,0.2,2024-12-24,2025-01-25,1,0,0,0,0,TRUE,Lamborghini
CUST_000345,7,5,4.0,0.08,2024-12-28,2024-12-31,2,3,0,1,0,TRUE,Porsche
CUST_001590,1,0,3.6,-0.05,2024-12-21,2024-12-23,0,0,0,0,0,FALSE,Cariad
CUST_005297,5,2,2.9,0.26,2024-12-22,2025-01-10,1,1,0,0,2,TRUE,GM
CUST_005680,7,4,3.5,0.54,2024-12-20,2025-01-02,0,1,1,0,0,TRUE,GM
CUST_008713,4,0,3.0,0.57,2025-01-02,2025-01-06,0,0,0,0,2,TRUE,Iveco
CUST_009483,6,5,4.5,-0.11,2025-01-09,2025-02-01,0,3,2,1,1,TRUE,Skoda
CUST_007002,3,1,3.6,0.59,2025-01-14,2025-01-23,0,0,1,2,1,TRUE,Iveco
CUST_000538,6,1,3.1,0.72,2024-12-11,2024-12-21,1,0,0,1,1,TRUE,Volkswagen
CUST_005646,6,5,3.6,-0.46,2024-12-28,2025-01-05,1,4,0,1,1,TRUE,Honda
CUST_007782,4,4,4.7,-0.74,2024-12-14,2025-01-25,1,2,0,2,1,TRUE,Seat
CUST_000888,3,3,2.5,-0.39,2025-01-01,2025-01-02,0,3,0,2,2,TRUE,Lamborghini
CUST_003423,2,2,4.3,-0.17,2024-12-07,2025-01-14,0,1,0,2,0,FALSE,Honda
CUST_005847,6,4,3.6,0.13,2024-12-08,2025-01-15,4,0,0,0,2,TRUE,Iveco
CUST_006407,5,1,3.9,-0.0,2024-12-24,2025-01-24,1,0,0,1,1,TRUE,CNH
CUST_006904,6,2,2.4,-0.29,2024-12-18,2025-01-29,0,0,0,0,1,TRUE,Skoda
CUST_005681,3,1,2.2,0.58,2024-12-15,2024-12-23,1,0,0,1,2,TRUE,Iveco
CUST_001190,3,1,3.2,-0.73,2024-12-01,2025-01-11,0,1,0,1,1,TRUE,Porsche
CUST_009428,7,5,2.5,0.4,2025-01-03,2025-02-06,4,1,0,2,1,TRUE,Bentley
CUST_006554,6,2,3.0,-0.11,2024-12-26,2025-01-18,0,1,1,1,2,TRUE,Honda
CUST_000223,6,1,2.4,-0.04,2024-12-07,2024-12-15,1,0,0,1,2,TRUE,Cariad
CUST_003291,1,1,3.7,-0.29,2024-12-29,2025-01-24,0,1,0,2,0,TRUE,GM
CUST_001977,5,2,2.3,0.63,2024-12-08,2025-01-05,1,0,0,2,2,TRUE,Iveco
CUST_008039,5,5,3.6,-0.5,2024-12-28,2025-01-13,2,2,0,2,0,TRUE,Bentley
CUST_006383,5,0,4.5,-0.34,2025-01-08,2025-02-08,0,0,0,0,1,TRUE,Iveco
CUST_007695,2,0,3.8,0.19,2025-01-06,2025-01-29,0,0,0,0,0,FALSE,Skoda
CUST_005259,1,0,2.2,0.24,2024-12-16,2025-01-16,0,0,0,1,1,TRUE,Porsche
CUST_003214,4,4,3.7,0.72,2024-12-28,2025-01-03,2,2,0,0,0,TRUE,Lamborghini
CUST_001209,8,0,3.1,0.6,2024-12-05,2024-12-30,0,0,0,1,1,TRUE,Volkswagen
CUST_003178,7,5,3.9,-0.17,2024-12-27,2024-12-29,5,0,0,0,2,TRUE,CNH
CUST_006643,7,0,3.0,-0.49,2025-01-02,2025-02-10,0,0,0,2,0,TRUE,Iveco
CUST_007436,8,1,3.2,-0.28,2024-12-28,2025-02-02,1,0,0,0,0,TRUE,GM
CUST_005089,2,1,3.7,-0.23,2024-12-09,2024-12-16,1,0,0,2,0,TRUE,Cariad
CUST_001010,6,0,4.7,0.14,2024-12-15,2025-01-08,0,0,0,0,1,TRUE,Volkswagen
CUST_004573,2,1,4.0,-0.5,2024-12-04,2024-12-11,1,0,0,2,2,TRUE,Honda
CUST_004340,1,1,3.9,-0.51,2024-12-09,2024-12-30,1,0,0,0,1,TRUE,GM
CUST_000229,4,3,3.9,-0.63,2025-01-06,2025-02-03,2,1,0,2,0,TRUE,Porsche
CUST_009329,8,3,3.7,0.2,2024-12-01,2025-01-11,3,0,0,2,1,TRUE,Cariad
CUST_009036,7,1,3.2,0.7,2024-12-24,2025-01-22,1,0,0,2,1,TRUE,Lamborghini
CUST_006680,7,0,3.0,0.11,2024-12-05,2025-01-02,0,0,0,2,1,TRUE,Honda
CUST_003956,2,0,3.0,0.6,2024-12-17,2025-01-16,0,0,0,1,2,TRUE,Skoda
CUST_003855,1,0,2.5,-0.54,2024-12-28,2025-01-04,0,0,0,1,2,TRUE,Porsche
CUST_000600,2,0,4.0,0.04,2024-12-28,2024-12-31,0,0,0,1,1,TRUE,Bentley
CUST_001275,6,1,4.7,0.23,2024-12-02,2024-12-20,1,0,0,1,0,FALSE,Audi
CUST_009531,1,0,2.9,0.11,2024-12-03,2024-12-12,0,0,0,2,0,TRUE,Seat
CUST_009028,7,5,4.6,0.25,2025-01-15,2025-02-19,5,0,0,0,2,TRUE,Honda
CUST_004041,6,4,2.5,-0.21,2025-01-02,2025-01-09,4,0,0,0,2,TRUE,Audi
CUST_006783,4,2,2.3,0.11,2024-12-18,2025-01-21,2,0,0,0,1,TRUE,Honda
CUST_009532,7,5,2.7,-0.09,2024-12-24,2025-01-07,5,0,0,2,0,TRUE,Audi
CUST_005229,6,5,3.1,0.56,2025-01-14,2025-02-19,1,1,2,0,0,TRUE,Honda
CUST_001896,8,2,3.0,-0.29,2024-12-25,2025-02-07,0,0,0,0,0,TRUE,Lamborghini
CUST_005076,5,1,2.4,-0.21,2024-12-18,2025-01-13,1,0,0,0,1,TRUE,Audi
CUST_002988,3,0,3.5,-0.66,2025-01-01,2025-02-03,0,0,0,1,0,TRUE,Cariad
CUST_009141,6,5,3.8,-0.56,2024-12-27,2024-12-28,4,0,0,1,1,TRUE,Porsche
CUST_001818,1,1,4.3,0.09,2024-12-22,2025-01-22,0,1,0,1,1,TRUE,Bentley
CUST_007512,7,1,2.9,-0.69,2025-01-07,2025-01-27,1,0,0,0,2,TRUE,Lamborghini
CUST_006463,6,3,4.8,0.79,2024-12-29,2025-01-17,2,1,0,1,1,TRUE,CNH
CUST_004225,3,3,2.9,-0.32,2024-12-23,2025-01-10,1,2,0,2,2,TRUE,Audi
CUST_005272,1,1,4.0,-0.47,2025-01-01,2025-01-25,0,1,0,2,0,TRUE,Cariad
CUST_001686,7,0,2.7,0.39,2024-12-20,2024-12-20,0,0,0,1,1,TRUE,Cariad
CUST_000613,8,0,4.4,-0.41,2024-12-20,2025-01-23,0,0,0,2,0,TRUE,Iveco
CUST_007444,8,1,4.1,0.8,2025-01-12,2025-01-20,1,0,0,2,2,TRUE,CNH
CUST_002913,2,1,2.8,0.44,2024-12-15,2024-12-29,1,0,0,0,0,TRUE,Skoda
CUST_007807,3,1,2.9,0.25,2024-12-21,2024-12-22,0,1,0,2,0,TRUE,Seat
CUST_001440,3,1,3.0,0.16,2025-01-07,2025-02-09,1,0,0,0,0,FALSE,Cariad
CUST_000592,4,1,3.0,0.73,2024-12-31,2025-01-25,0,1,0,2,2,TRUE,Iveco
CUST_008363,4,1,4.7,-0.17,2024-12-28,2025-01-01,1,0,0,2,0,FALSE,Bentley
CUST_007615,2,2,4.6,-0.66,2024-12-12,2025-01-03,0,1,0,0,2,TRUE,Audi
CUST_005416,5,1,3.8,-0.41,2024-12-06,2025-01-14,1,0,0,2,1,TRUE,Lamborghini
CUST_005933,7,0,4.1,0.77,2025-01-09,2025-01-10,0,0,0,1,1,TRUE,Cariad
CUST_000816,6,2,4.3,-0.62,2025-01-08,2025-02-16,1,1,0,0,1,TRUE,Iveco
CUST_002422,3,2,3.0,-0.16,2024-12-11,2025-01-05,1,1,0,0,1,TRUE,Cariad
CUST_008812,5,2,2.9,0.01,2025-01-15,2025-02-13,2,0,0,0,0,TRUE,Volkswagen
CUST_008065,2,0,2.3,0.24,2024-12-03,2025-01-05,0,0,0,1,0,TRUE,Cariad
CUST_002023,7,5,3.5,0.57,2024-12-10,2025-01-14,3,1,0,1,2,TRUE,Skoda
CUST_009464,1,0,3.9,0.17,2025-01-11,2025-01-17,0,0,0,2,1,TRUE,Porsche
CUST_003870,1,0,3.7,0.31,2025-01-09,2025-01-29,0,0,0,0,0,FALSE,GM
CUST_007587,4,3,4.3,-0.29,2025-01-01,2025-01-12,0,2,0,0,0,TRUE,CNH
CUST_005818,4,1,3.7,0.49,2024-12-16,2025-01-18,0,0,0,2,1,TRUE,Lamborghini
CUST_007836,6,4,3.5,-0.57,2024-12-11,2024-12-12,3,1,0,2,2,TRUE,CNH
CUST_000095,4,2,4.6,-0.43,2024-12-23,2024-12-27,1,0,0,2,2,TRUE,Cariad
CUST_005712,6,5,2.7,-0.39,2024-12-08,2025-01-06,0,1,4,0,0,TRUE,Skoda
CUST_004458,4,2,4.1,0.77,2024-12-28,2025-01-17,0,1,1,0,1,TRUE,Bentley
CUST_009336,5,2,4.1,-0.37,2025-01-13,2025-02-16,0,2,0,2,0,TRUE,Volkswagen
CUST_007642,3,2,2.4,-0.42,2025-01-06,2025-01-24,1,1,0,1,0,TRUE,Audi
CUST_008759,3,3,4.1,-0.79,2025-01-05,2025-01-20,0,3,0,0,1,TRUE,Porsche
CUST_002669,8,4,2.3,0.62,2024-12-31,2025-02-04,3,1,0,1,2,TRUE,Porsche
CUST_000372,4,3,3.2,0.67,2024-12-27,2025-01-02,1,0,1,2,1,TRUE,Seat
CUST_003750,8,2,4.1,-0.07,2024-12-24,2025-01-07,2,0,0,2,0,FALSE,Audi
CUST_009150,3,3,2.8,-0.05,2024-12-11,2024-12-23,0,1,1,2,1,TRUE,Volkswagen
CUST_005963,6,1,4.1,-0.08,2024-12-20,2024-12-30,0,0,1,1,1,TRUE,CNH
CUST_001446,6,5,3.6,0.39,2024-12-27,2025-02-04,1,2,0,2,2,TRUE,Seat
CUST_005715,6,5,4.6,-0.27,2025-01-15,2025-01-24,4,1,0,0,2,TRUE,CNH
CUST_009800,7,4,4.4,0.66,2025-01-10,2025-02-21,2,0,0,2,0,TRUE,Honda
CUST_003971,7,5,4.0,0.14,2024-12-12,2024-12-23,2,0,1,1,0,TRUE,Porsche
CUST_006014,7,5,4.1,-0.33,2025-01-12,2025-01-19,3,1,1,2,0,TRUE,GM
CUST_009480,8,5,4.1,-0.48,2025-01-13,2025-01-13,1,0,3,1,2,TRUE,CNH
CUST_004791,7,0,2.7,0.48,2024-12-13,2025-01-03,0,0,0,1,0,TRUE,Cariad
CUST_006098,4,4,3.4,-0.24,2024-12-08,2025-01-05,4,0,0,2,2,TRUE,GM
CUST_001929,7,3,2.3,0.51,2024-12-02,2024-12-23,0,0,1,0,0,TRUE,Honda
CUST_002325,2,1,4.7,-0.3,2025-01-05,2025-01-13,1,0,0,2,1,TRUE,Audi
CUST_009631,3,1,3.0,-0.0,2025-01-14,2025-01-23,0,1,0,2,0,FALSE,Volkswagen
CUST_005865,3,3,4.2,-0.31,2025-01-11,2025-02-15,0,3,0,1,0,TRUE,Lamborghini
CUST_009968,3,3,3.4,0.48,2024-12-10,2025-01-13,1,2,0,1,2,TRUE,Volkswagen
CUST_003909,8,1,3.5,-0.34,2024-12-05,2025-01-12,0,1,0,1,2,TRUE,Skoda
CUST_003707,2,1,4.2,0.22,2024-12-23,2025-01-14,0,0,0,0,2,TRUE,GM
CUST_007061,8,1,2.7,-0.39,2024-12-18,2025-01-06,0,1,0,0,1,TRUE,Iveco
CUST_006650,1,1,2.6,0.59,2024-12-21,2024-12-30,1,0,0,2,2,TRUE,Iveco
CUST_000302,1,1,3.4,-0.69,2025-01-07,2025-02-18,1,0,0,0,1,TRUE,Cariad
CUST_003047,2,2,2.5,0.51,2024-12-18,2025-01-01,0,1,0,0,0,TRUE,Bentley
CUST_003304,7,5,2.8,-0.46,2024-12-12,2025-01-08,2,0,3,2,0,TRUE,Cariad
CUST_003956,4,3,3.2,-0.15,2024-12-11,2025-01-24,0,0,2,2,0,TRUE,Iveco
CUST_003113,3,2,4.8,-0.6,2024-12-16,2025-01-14,2,0,0,1,0,TRUE,Porsche
CUST_006356,7,5,2.4,-0.37,2025-01-04,2025-02-05,3,2,0,1,0,TRUE,Bentley
CUST_000287,6,3,3.2,-0.33,2024-12-20,2025-01-31,1,0,2,1,0,TRUE,CNH
CUST_004235,1,1,3.8,-0.67,2025-01-04,2025-02-01,1,0,0,2,2,TRUE,Skoda
CUST_009968,1,1,3.3,-0.33,2024-12-09,2025-01-07,0,0,0,1,0,TRUE,Iveco
CUST_008292,3,0,2.8,-0.01,2025-01-11,2025-02-12,0,0,0,0,2,TRUE,CNH
CUST_003643,2,0,3.9,0.48,2024-12-07,2025-01-09,0,0,0,1,1,TRUE,Audi
CUST_005238,1,1,2.4,-0.33,2024-12-08,2025-01-12,1,0,0,2,0,TRUE,GM
CUST_003620,5,4,3.2,0.48,2024-12-18,2024-12-21,1,0,1,2,2,TRUE,Volkswagen
CUST_003789,4,0,4.7,0.43,2024-12-26,2025-01-07,0,0,0,1,0,FALSE,Seat
CUST_006565,5,4,2.5,-0.38,2024-12-10,2024-12-27,3,0,0,1,0,TRUE,Skoda
CUST_004403,2,2,4.2,0.15,2024-12-26,2025-02-01,1,1,0,0,2,TRUE,Seat
CUST_006804,8,4,3.0,0.38,2025-01-09,2025-01-20,3,1,0,1,2,TRUE,Porsche
CUST_009117,1,0,3.2,0.03,2024-12-14,2024-12-19,0,0,0,1,2,TRUE,Lamborghini
CUST_004196,6,5,3.4,-0.15,2025-01-13,2025-02-12,4,0,1,1,2,TRUE,Lamborghini
CUST_001033,4,2,4.4,-0.56,2025-01-06,2025-01-23,1,0,0,0,0,TRUE,Audi
CUST_004015,6,0,3.7,0.58,2024-12-12,2024-12-25,0,0,0,0,1,TRUE,Seat
CUST_004988,7,2,4.5,-0.01,2025-01-09,2025-01-28,2,0,0,2,2,TRUE,Volkswagen
CUST_009498,2,2,3.6,0.13,2024-12-10,2025-01-12,1,1,0,2,2,TRUE,Seat
CUST_000579,3,1,2.4,0.65,2024-12-21,2024-12-30,0,1,0,2,2,TRUE,Lamborghini
CUST_009200,4,0,3.4,0.56,2024-12-13,2024-12-14,0,0,0,1,0,FALSE,Lamborghini
CUST_006444,5,5,2.7,0.72,2025-01-05,2025-01-23,5,0,0,1,0,TRUE,Porsche
CUST_000610,1,1,3.5,0.06,2024-12-23,2025-02-06,0,0,0,0,0,FALSE,Audi
CUST_003998,1,1,2.4,0.62,2024-12-05,2024-12-24,0,0,0,2,1,TRUE,Lamborghini
CUST_006095,4,1,2.4,0.4,2025-01-05,2025-01-07,1,0,0,1,2,TRUE,Cariad
CUST_009147,5,1,3.0,-0.75,2025-01-10,2025-01-27,0,0,0,0,0,TRUE,Porsche
CUST_009771,4,1,4.5,-0.36,2024-12-31,2025-02-11,1,0,0,0,1,TRUE,Iveco
CUST_007616,8,5,4.7,-0.14,2024-12-30,2025-01-13,3,2,0,1,2,TRUE,CNH
CUST_006872,2,2,3.6,0.71,2025-01-10,2025-01-30,0,0,1,2,2,TRUE,Porsche
CUST_002308,1,0,3.6,-0.23,2024-12-02,2024-12-04,0,0,0,0,0,TRUE,Porsche
CUST_008778,4,1,3.4,0.02,2024-12-20,2025-01-20,1,0,0,0,1,TRUE,Bentley
CUST_002218,3,3,3.6,0.68,2024-12-16,2025-01-27,1,1,0,2,2,TRUE,Honda
CUST_009249,7,0,4.8,-0.43,2024-12-19,2025-01-27,0,0,0,2,1,TRUE,Volkswagen
CUST_006820,7,3,2.7,-0.33,2024-12-05,2024-12-26,1,1,0,1,0,TRUE,Honda
CUST_004629,4,2,2.8,-0.54,2024-12-01,2025-01-06,2,0,0,2,0,TRUE,CNH
CUST_002210,4,3,3.4,-0.15,2025-01-05,2025-01-21,3,0,0,1,2,TRUE,Audi
CUST_008146,3,2,2.6,-0.71,2024-12-30,2025-02-07,0,0,0,0,2,TRUE,Cariad
CUST_007819,1,0,4.4,-0.55,2025-01-03,2025-02-03,0,0,0,1,2,TRUE,Volkswagen
CUST_009809,1,0,4.4,0.02,2025-01-09,2025-01-15,0,0,0,2,0,FALSE,Lamborghini
CUST_000131,3,3,2.5,0.25,2025-01-06,2025-01-18,3,0,0,0,1,TRUE,Skoda
CUST_003536,3,1,4.0,-0.77,2025-01-07,2025-01-10,0,0,1,1,1,TRUE,Honda
CUST_002776,7,2,4.4,0.29,2024-12-06,2024-12-16,0,0,0,1,0,FALSE,Volkswagen
CUST_007036,2,2,4.2,-0.64,2024-12-12,2025-01-03,2,0,0,0,0,TRUE,GM
CUST_002973,7,4,3.9,0.69,2025-01-02,2025-01-18,1,2,0,1,0,TRUE,Honda
CUST_001200,8,2,4.8,0.41,2024-12-24,2025-01-23,2,0,0,2,2,TRUE,Seat
CUST_003042,1,1,4.5,0.51,2024-12-14,2025-01-18,0,1,0,1,0,FALSE,Seat
CUST_005262,4,3,4.5,0.52,2025-01-05,2025-01-08,3,0,0,1,0,TRUE,Audi
CUST_000103,6,4,3.9,0.37,2024-12-03,2025-01-01,3,0,1,0,2,TRUE,Bentley
CUST_008797,1,1,3.1,0.03,2024-12-12,2024-12-19,0,0,1,2,1,TRUE,Porsche
CUST_009962,3,1,2.6,-0.67,2025-01-14,2025-02-06,1,0,0,2,0,TRUE,Audi
CUST_004177,2,1,2.5,0.77,2024-12-16,2025-01-06,1,0,0,1,0,TRUE,Iveco
CUST_002455,3,3,4.4,-0.01,2024-12-07,2025-01-21,1,1,1,1,1,TRUE,Iveco
CUST_006129,5,3,4.2,0.29,2025-01-02,2025-01-03,2,0,1,2,0,TRUE,Seat
CUST_001149,5,5,3.0,0.07,2024-12-18,2025-01-03,1,0,1,2,1,TRUE,CNH
CUST_005107,7,3,2.4,-0.33,2024-12-11,2025-01-10,2,0,0,1,0,TRUE,GM
CUST_007866,6,3,3.2,-0.56,2025-01-14,2025-02-14,2,1,0,2,2,TRUE,Porsche
CUST_002510,2,0,3.1,-0.66,2024-12-20,2025-01-12,0,0,0,0,0,TRUE,Porsche
CUST_008920,1,0,3.7,0.45,2025-01-12,2025-01-23,0,0,0,0,0,FALSE,Lamborghini
CUST_005270,3,2,4.7,0.59,2025-01-12,2025-02-26,0,0,2,0,1,TRUE,Porsche
CUST_009999,1,0,4.3,-0.5,2024-12-28,2025-01-28,0,0,0,1,0,TRUE,Seat
CUST_001950,1,0,2.6,0.78,2025-01-06,2025-01-08,0,0,0,1,1,TRUE,CNH
CUST_001513,5,2,3.3,-0.11,2025-01-15,2025-02-22,2,0,0,2,0,FALSE,CNH
CUST_004412,3,1,3.8,0.77,2024-12-13,2025-01-14,0,1,0,1,1,TRUE,Cariad
CUST_001138,7,5,2.6,-0.64,2025-01-14,2025-02-28,0,1,1,2,2,TRUE,Seat
CUST_002725,5,5,3.1,-0.8,2024-12-05,2025-01-10,1,0,0,2,0,TRUE,GM
CUST_003822,8,3,4.6,0.71,2024-12-10,2025-01-19,1,1,0,2,0,TRUE,Volkswagen
CUST_009677,7,0,4.1,-0.49,2024-12-17,2025-01-19,0,0,0,0,0,TRUE,Seat
CUST_002478,6,5,4.5,0.12,2024-12-09,2024-12-22,1,1,3,0,2,TRUE,Seat
CUST_001487,6,4,3.8,0.5,2024-12-05,2024-12-31,1,2,1,1,2,TRUE,Iveco
CUST_003118,6,1,4.0,-0.49,2025-01-09,2025-02-21,1,0,0,1,0,TRUE,Skoda
CUST_007164,3,3,4.6,-0.09,2024-12-01,2024-12-09,3,0,0,0,2,TRUE,Cariad
CUST_009339,7,0,2.3,0.36,2024-12-01,2024-12-27,0,0,0,2,2,TRUE,Skoda
CUST_001826,2,1,4.5,-0.16,2024-12-09,2025-01-18,1,0,0,2,0,FALSE,Bentley
CUST_007115,8,4,2.5,-0.21,2024-12-29,2025-01-07,2,1,1,0,2,TRUE,Bentley
CUST_008531,3,0,3.0,-0.04,2024-12-19,2025-01-30,0,0,0,1,0,FALSE,Lamborghini